RMSE,MAE
0.19537461013399438,0.15477591630074938
0.18702508042821522,0.15100299359523958
0.19184821275507197,0.15184565155570517
0.1727148916547683,0.14146098954979344
0.18414589068037124,0.14294868209578454
